2305010321,2025-05-02 16:42:29
2305010321,2025-05-02 16:47:07
2305010321,2025-05-02 16:51:15
2305010321,2025-05-02 16:56:28
87389712,2025-05-02 16:56:34
2305010321,2025-05-02 16:56:54
87389712,2025-05-02 17:26:38
2305010321,2025-05-02 17:26:39
12,2025-05-05 18:24:32
123,2025-05-05 18:24:35
12,2025-05-05 18:24:45
123,2025-05-05 18:24:48
12,2025-05-05 18:42:41
1234,2025-05-05 18:42:43
123,2025-05-05 18:42:49
12,2025-05-05 18:43:04
12,2025-05-05 18:43:08
123,2025-05-05 18:43:09
12,2025-05-05 18:43:15
123,2025-05-05 18:43:18
1234,2025-05-05 18:43:53
12,2025-05-05 19:57:23
